Antonietta|Goulston|02/06/2020|1 Delladonna Trail|6011993283|7708213700|Mississippi|Jackson                  
Aurilia|Grumble|22/01/2021|86 Maywood Trail|2161265326|4134446977|Ohio|Cleveland                             
Alric|Sliman|28/05/2019|03 Monument Point|7146833733|3124869513|California|Santa Ana                         
                                                                                                             
                                                                                                             
                                                                                                             
                                                                                                             
                                                                                                             
                                                                                                             
                                                                                                             
                                                                                                             
                                                                                                             
                                                                                                             
                                                                                                             
                                                                                                             
Beatrice|Sillitoe|02/08/2018|40497 Graceland Lane|7205928128|6011359512|Colorado|Aurora                      
Barnard|Hinder|29/10/2020|3795 Comanche Road|6027356056|9129958889|Arizona|Phoenix                           
Benedick|Theze|25/10/2018|8098 Pleasure Way|5181287991|7133721131|New York|Albany                            
Birdie|Keirle|26/04/2020|290 Pennsylvania Road|8176193448|8175628512|Texas|Denton                            
Bambi|Labro|07/05/2021|9 Victoria Drive|7193387288|9077962242|Colorado|Colorado Springs                      
                                                                                                             
                                                                                                             
                                                                                                             
                                                                                                             
                                                                                                             
                                                                                                             
                                                                                                             
                                                                                                             
                                                                                                             
                                                                                                             
Cassie|Uren|11/08/2019|55804 Kennedy Hill|5189600511|4151355697|New York|Albany                              
Caren|Langstaff|23/04/2020|51 Esker Point|5186029730|3135168195|New York|Schenectady                         
Clementius|Launchbury|22/10/2018|006 Birchwood Alley|2603799918|9186094879|Indiana|Fort Wayne                
Carla|Jagg|26/06/2019|275 Esch Circle|8606839640|6505276167|Connecticut|Hartford                             
Camel|Bontine|26/08/2021|73 Vera Street|8043989914|3048544894|Virginia|Richmond                              
Cornelius|Mattei|11/06/2019|09 Manufacturers Parkway|5044440569|7578124811|Louisiana|New Orleans             
Chucho|Hay|25/01/2019|3 Crowley Street|7046431964|2136755799|North Carolina|Charlotte                        
Cassi|Gritskov|19/06/2019|601 Gale Avenue|7161985450|5182649017|New York|Buffalo                             
                                                                                                             
                                                                                                             
                                                                                                             
                                                                                                             
                                                                                                             
                                                                                                             
                                                                                                             
Darci|Hanaby|13/12/2019|4197 Magdeline Center|4053181748|5039237711|Oklahoma|Oklahoma City                   
Debera|Yvon|09/06/2019|472 Eagle Crest Plaza|8012041159|9413206881|Utah|Salt Lake City                       
Danny|Fidelus|30/12/2018|86 Weeping Birch Street|7207190982|2027072189|Colorado|Denver                       
Deena|Lett|28/11/2019|68483 Shopko Street|6504744532|9516215984|California|Redwood City                      
                                                                                                             
                                                                                                             
                                                                                                             
                                                                                                             
                                                                                                             
                                                                                                             
                                                                                                             
                                                                                                             
                                                                                                             
                                                                                                             
                                                                                                             
Eleen|Aasaf|06/08/2021|4323 8th Place|4126549211|9168232542|Pennsylvania|Mc Keesport                         
Edouard|Conneau|19/07/2019|80290 Thackeray Center|8166817924|2023908174|Missouri|Kansas City                 
Emlen|Barnfather|23/08/2018|59 Chive Trail|9739486361|8138457587|New Jersey|Paterson                         
                                                                                                             
                                                                                                             
                                                                                                             
                                                                                                             
                                                                                                             
                                                                                                             
                                                                                                             
                                                                                                             
                                                                                                             
                                                                                                             
                                                                                                             
                                                                                                             
Flossie|Giacobo|04/08/2020|184 Bluejay Trail|7197198053|3101759551|Colorado|Colorado Springs                 
Filbert|Loadwick|30/05/2019|49928 Sachtjen Lane|2058675897|4699276448|Alabama|Tuscaloosa                     
Fonz|Jeandillou|16/11/2020|845 Main Avenue|9041144611|8141555745|Florida|Jacksonville                        
Fanchon|Stroobant|26/06/2021|162 Old Shore Point|3217076814|8043712752|Florida|Melbourne                     
Filide|Gage|14/01/2021|4 Straubel Trail|5155760067|4126658738|Iowa|Des Moines                                
Florette|McLardie|20/09/2018|76 Jackson Street|6096771877|8608920893|New Jersey|Trenton                      
Franzen|Meriott|25/05/2021|3212 Hoard Plaza|6467635181|5137172678|New York|New York City                     
                                                                                                             
                                                                                                             
                                                                                                             
                                                                                                             
                                                                                                             
                                                                                                             
                                                                                                             
                                                                                                             
Gregor|Igglesden|26/01/2019|3 Mcguire Crossing|8607772583|2196582585|Connecticut|Hartford                    
Gavin|Rosone|01/02/2020|67 Calypso Drive|5057218823|2028919319|New Mexico|Albuquerque                        
Giana|Baverstock|11/06/2019|96 Norway Maple Lane|8176373946|8508012736|Texas|Fort Worth                      
Guillema|Begwell|18/11/2019|692 Kenwood Circle|5036824431|2671982320|Oregon|Salem                            
Gabriel|Exer|20/10/2018|18 Oak Plaza|4042895920|5132083299|Georgia|Atlanta                                   
Genni|Dailey|27/02/2021|8125 Chinook Parkway|6144362667|3607236487|Ohio|Columbus                             
Geordie|Quin|25/03/2019|96111 Killdeer Drive|5738195780|4348153254|Missouri|Columbia                         
Germain|Dailey|16/07/2021|7340 Stoughton Place|4053004963|3171767124|Oklahoma|Edmond                         
Goran|Drewet|14/07/2020|77 David Drive|9152000185|6194483332|Texas|El Paso                                   
Georgeanne|McClinton|05/07/2019|7559 Cottonwood Pass|7575765513|8161751430|Virginia|Newport News             
                                                                                                             
                                                                                                             
                                                                                                             
                                                                                                             
                                                                                                             
Hubie|Oret|06/01/2021|44 Dawn Pass|8167647181|8143243049|Missouri|Independence                               
Hephzibah|McArd|11/08/2018|851 Dwight Terrace|4344963163|5049427929|Virginia|Lynchburg                       
Hinda|Beels|30/06/2020|31 Elgar Park|8013819029|7134436617|Utah|Salt Lake City                               
Honoria|Matschoss|03/10/2018|0 Ridgeway Center|9131507551|5715451011|Kansas|Shawnee Mission                  
                                                                                                             
                                                                                                             
                                                                                                             
                                                                                                             
                                                                                                             
                                                                                                             
                                                                                                             
                                                                                                             
                                                                                                             
                                                                                                             
                                                                                                             
Imogene|Portugal|15/12/2018|40647 Morrow Crossing|3345825673|5172655214|Alabama|Montgomery                   
                                                                                                             
                                                                                                             
                                                                                                             
                                                                                                             
                                                                                                             
                                                                                                             
                                                                                                             
                                                                                                             
                                                                                                             
                                                                                                             
                                                                                                             
                                                                                                             
                                                                                                             
                                                                                                             
Jilleen|Hailwood|06/07/2019|43 Pennsylvania Circle|7046582211|7174033573|North Carolina|Charlotte            
Jayne|Devil|08/03/2021|93513 Mariners Cove Crossing|5749443029|6268083733|Indiana|South Bend                 
Jorry|Goncaves|22/10/2020|1 Chive Parkway|7065487587|4051481386|Georgia|Athens                               
                                                                                                             
                                                                                                             
                                                                                                             
                                                                                                             
                                                                                                             
                                                                                                             
                                                                                                             
                                                                                                             
                                                                                                             
                                                                                                             
                                                                                                             
                                                                                                             
Kenny|Temperton|06/03/2020|48 Carioca Lane|3045804065|7148890709|West Virginia|Huntington                    
Kiley|Mundell|17/08/2021|905 Schmedeman Drive|6265830860|2133341595|California|Pasadena                      
Kandace|Bartaletti|27/02/2021|23166 Almo Park|2169416973|2257157343|Ohio|Cleveland                           
Koenraad|Franceschino|27/04/2020|041 Pankratz Terrace|6024432489|2029847340|Arizona|Phoenix                  
Kalinda|Amdohr|20/07/2020|8570 Becker Alley|3056289917|9405760883|Florida|Miami                              
Klaus|Opfer|13/07/2021|20 Independence Place|7574813667|6232101026|Virginia|Hampton                          
                                                                                                             
                                                                                                             
                                                                                                             
                                                                                                             
                                                                                                             
                                                                                                             
                                                                                                             
                                                                                                             
                                                                                                             
Lucine|Fetters|09/05/2020|0760 Buena Vista Drive|5302711907|5858440894|California|Sacramento                 
Lizzy|Belamy|16/06/2020|926 Caliangt Lane|3168965402|5072322857|Kansas|Wichita                               
Lynnell|Rendle|21/05/2019|22833 Anderson Circle|9417968531|2051674443|Florida|North Port                     
Lyndel|Corkish|25/04/2019|283 Forest Dale Crossing|3149545009|5029365322|Missouri|Saint Louis                
Leola|Dand|02/04/2020|6672 Hoepker Parkway|2146346345|5044429395|Texas|Dallas                                
Lindy|Spittles|01/06/2018|4487 Almo Pass|5023324276|7048750210|Kentucky|Louisville                           
                                                                                                             
                                                                                                             
                                                                                                             
                                                                                                             
                                                                                                             
                                                                                                             
                                                                                                             
                                                                                                             
                                                                                                             
Maure|Dannell|27/01/2019|7491 Farragut Crossing|5709714453|2055020854|Pennsylvania|Wilkes Barre              
Megan|Jasik|10/09/2020|38137 Huxley Crossing|2051944449|7195828264|Alabama|Birmingham                        
Marlo|Pyford|30/08/2020|20 Grover Hill|2347572986|4053766986|Ohio|Akron                                      
Mose|McTaggart|30/05/2020|2373 Tennyson Drive|9165486392|5012760833|California|Sacramento                    
Maurizio|Bothbie|11/09/2020|3044 Iowa Hill|7207577451|7573662031|Colorado|Littleton                          
Marco|O'Rudden|21/02/2020|49 Northview Terrace|5157418439|3136039640|Iowa|Des Moines                         
Magdalena|Da Costa|02/10/2020|67 Lawn Place|3211152137|2028336956|Florida|Orlando                            
Marlane|McGarahan|24/08/2018|5 Dennis Terrace|8045196472|8638010153|Virginia|Richmond                        
                                                                                                             
                                                                                                             
                                                                                                             
                                                                                                             
                                                                                                             
                                                                                                             
                                                                                                             
Nadine|Bullman|12/05/2021|3657 Summer Ridge Crossing|7174696754|5741891233|Pennsylvania|Harrisburg           
Nomi|Rowlstone|16/06/2019|607 Manitowish Court|9549987681|4022977627|Florida|Fort Lauderdale                 
Nickey|Merrin|19/12/2018|1 Buell Avenue|4067225065|6109622641|Montana|Billings                               
Nissa|Muckle|24/07/2020|90 Goodland Park|3169451265|4078019338|Kansas|Wichita                                
                                                                                                             
                                                                                                             
                                                                                                             
                                                                                                             
                                                                                                             
                                                                                                             
                                                                                                             
                                                                                                             
                                                                                                             
                                                                                                             
                                                                                                             
Obidiah|Wisher|15/07/2020|4808 Darwin Center|6096228978|8649629941|New Jersey|Trenton                        
Ozzie|BURWIN|27/09/2020|73810 Cascade Center|9371473616|2542925816|Ohio|Springfield                          
Ozzie|Letch|10/10/2018|9364 Burrows Terrace|8593792995|4042713340|Kentucky|Lexington                         
                                                                                                             
                                                                                                             
                                                                                                             
                                                                                                             
                                                                                                             
                                                                                                             
                                                                                                             
                                                                                                             
                                                                                                             
                                                                                                             
                                                                                                             
                                                                                                             
Price|Quinion|13/11/2020|596 Starling Terrace|3344129554|6261458967|Alabama|Montgomery                       
Pall|Scolts|26/04/2019|3 Ramsey Hill|2128059488|6191382172|New York|New York City                            
Pepe|De Blasiis|05/08/2018|997 Hoffman Junction|7194738859|9289840074|Colorado|Pueblo                        
Pearle|Smerdon|03/09/2020|2950 Randy Pass|4089011895|3053391432|California|San Jose                          
                                                                                                             
                                                                                                             
                                                                                                             
                                                                                                             
                                                                                                             
                                                                                                             
                                                                                                             
                                                                                                             
                                                                                                             
                                                                                                             
                                                                                                             
                                                                                                             
                                                                                                             
                                                                                                             
                                                                                                             
                                                                                                             
                                                                                                             
                                                                                                             
                                                                                                             
                                                                                                             
                                                                                                             
                                                                                                             
                                                                                                             
                                                                                                             
                                                                                                             
                                                                                                             
Ricki|Gillebride|05/07/2019|0 Knutson Point|5704663529|2175405501|Pennsylvania|Scranto                       
Roslyn|Moorhouse|04/03/2019|8 Comanche Junction|2029569540|2544512898|District of Columbia|Washington        
Rollo|Geering|28/03/2019|27 Northport Place|7178882995|4157264451|Pennsylvania|Lancaster                     
Rozelle|Brimilcome|30/10/2020|4800 Messerschmidt Way|3178039654|9149079673|Indiana|Indianapolis              
Rickard|Dawkes|07/10/2019|4796 Menomonie Avenue|9192869147|8594675446|North Carolina|Raleigh                 
                                                                                                             
                                                                                                             
                                                                                                             
                                                                                                             
                                                                                                             
                                                                                                             
                                                                                                             
                                                                                                             
                                                                                                             
                                                                                                             
Sherm|M'Barron|20/07/2020|6706 Mcguire Plaza|9044857856|2031167582|Florida|Jacksonville                      
Sancho|Kigelman|04/09/2021|01 Cardinal Park|7276490367|4153579685|Florida|Largo                              
Sibella|Bernardeau|13/06/2020|9730 Corry Pass|8162860733|9138389608|Missouri|Saint Joseph                    
Sari|Yakunchikov|12/07/2021|11582 Reindahl Way|9138672259|6169021647|Kansas|Kansas City                      
Sherie|Stone Fewings|08/12/2018|5941 Troy Alley|5138398404|6511030892|Ohio|Cincinnati                        
Sibella|Fihelly|03/02/2021|59036 Morrow Lane|3034613767|6784179175|Colorado|Denver                           
                                                                                                             
                                                                                                             
                                                                                                             
                                                                                                             
                                                                                                             
                                                                                                             
                                                                                                             
                                                                                                             
                                                                                                             
Trumann|Randalston|16/08/2018|45 Drewry Road|8146300736|3105947716|Pennsylvania|Erie                         
Titus|Nozzolii|29/10/2020|359 American Center|5401055734|6015850041|Virginia|Roanoke                         
Toinette|Getch|17/01/2020|0447 Bowman Parkway|7278596763|2818139439|Florida|Saint Petersburg                 
                                                                                                             
                                                                                                             
                                                                                                             
                                                                                                             
                                                                                                             
                                                                                                             
                                                                                                             
                                                                                                             
                                                                                                             
                                                                                                             
                                                                                                             
                                                                                                             
                                                                                                             
                                                                                                             
                                                                                                             
                                                                                                             
                                                                                                             
                                                                                                             
                                                                                                             
                                                                                                             
                                                                                                             
                                                                                                             
                                                                                                             
                                                                                                             
                                                                                                             
                                                                                                             
                                                                                                             
Velma|Murcutt|29/04/2020|8 Summerview Street|2093374099|3169241363|California|Stockton                       
Valida|Sterricker|14/04/2020|2 Nevada Avenue|2122414651|6038414634|New York|New York City                    
                                                                                                             
                                                                                                             
                                                                                                             
                                                                                                             
                                                                                                             
                                                                                                             
                                                                                                             
                                                                                                             
                                                                                                             
                                                                                                             
                                                                                                             
                                                                                                             
                                                                                                             
Walliw|Elflain|10/07/2021|8382 Coleman Terrace|9074217376|3177338950|Alaska|Fairbanks                        
Wynnie|Cheng|01/05/2021|62 Donald Lane|9281706674|3127045543|Arizona|Prescott                                
Wilt|McCanny|05/05/2020|65 Lindbergh Parkway|3473333248|7634338277|New York|Flushing                         
                                                                                                             
                                                                                                             
                                                                                                             
                                                                                                             
                                                                                                             
                                                                                                             
                                                                                                             
                                                                                                             
                                                                                                             
                                                                                                             
                                                                                                             
                                                                                                             
Xaviera|Lyles|30/11/2018|4707 Almo Drive|2052373644|5714190111|Alabama|Tuscaloosa                            
                                                                                                             
                                                                                                             
                                                                                                             
                                                                                                             
                                                                                                             
                                                                                                             
                                                                                                             
                                                                                                             
                                                                                                             
                                                                                                             
                                                                                                             
                                                                                                             
                                                                                                             
                                                                                                             
                                                                                                             
                                                                                                             
                                                                                                             
                                                                                                             
                                                                                                             
                                                                                                             
                                                                                                             
                                                                                                             
                                                                                                             
                                                                                                             
                                                                                                             
                                                                                                             
                                                                                                             
                                                                                                             
                                                                                                             
Zarah|Demcik|06/08/2021|510 Myrtle Alley|7061642955|5626740528|Georgia|Augusta                               
                                                                                                             
                                                                                                             
                                                                                                             
                                                                                                             
                                                                                                             
                                                                                                             
                                                                                                             
                                                                                                             
                                                                                                             
                                                                                                             
                                                                                                             
                                                                                                             
                                                                                                             
                                                                                                             
